{
  "scenario": "transient",
  "total_rounds": 30,
  "compromise_round": 11,
  "round_durations": [
    0.7061810493469238,
    0.5852999687194824,
    0.5870888233184814,
    0.6247220039367676,
    0.6079292297363281,
    0.6215298175811768,
    0.6321432590484619,
    0.632838249206543,
    0.5810952186584473,
    0.6201589107513428,
    0.6146621704101562,
    0.6028668880462646,
    0.8200728893280029,
    0.7209610939025879,
    0.7083737850189209,
    0.7296459674835205,
    0.8025579452514648,
    0.7618796825408936,
    0.7201058864593506,
    0.7384710311889648,
    0.7454957962036133,
    0.7568550109863281,
    1.2190580368041992,
    0.7399418354034424,
    0.7118752002716064,
    0.7661049365997314,
    0.7496230602264404,
    0.777813196182251,
    0.780318021774292,
    0.7583837509155273
  ],
  "cumulative_time": [
    0.7061810493469238,
    1.2914810180664062,
    1.8785698413848877,
    2.5032918453216553,
    3.1112210750579834,
    3.73275089263916,
    4.364894151687622,
    4.997732400894165,
    5.578827619552612,
    6.198986530303955,
    6.813648700714111,
    7.416515588760376,
    8.236588478088379,
    8.957549571990967,
    9.665923357009888,
    10.395569324493408,
    11.198127269744873,
    11.960006952285767,
    12.680112838745117,
    13.418583869934082,
    14.164079666137695,
    14.920934677124023,
    16.139992713928223,
    16.879934549331665,
    17.59180974960327,
    18.357914686203003,
    19.107537746429443,
    19.885350942611694,
    20.665668964385986,
    21.424052715301514
  ],
  "inference_latency_ms": 1.677667162148282,
  "inference_latency_std_ms": 0.2371161099395424,
  "model_size_bytes": 258364,
  "computational_load": {
    "cpu_percent": [
      83.6,
      83.7,
      83.2,
      81.3,
      85.7,
      84.0,
      80.6,
      84.0,
      85.8,
      80.3,
      84.6,
      86.4,
      83.8,
      88.7,
      87.0,
      85.5,
      84.8,
      90.5,
      87.8,
      86.2,
      84.9,
      92.6,
      93.6,
      90.5,
      86.3,
      83.8,
      85.8,
      86.9,
      88.8,
      89.3
    ],
    "memory_rss_mb": [
      972.046875,
      1270.421875,
      1214.796875,
      1268.875,
      1169.65625,
      1326.734375,
      1255.625,
      1180.796875,
      1128.109375,
      1186.875,
      951.234375,
      904.6875,
      813.8125,
      769.765625,
      795.71875,
      778.609375,
      774.828125,
      716.59375,
      811.390625,
      764.59375,
      747.1875,
      752.578125,
      372.015625,
      780.3125,
      830.703125,
      762.921875,
      769.171875,
      767.625,
      584.109375,
      758.15625
    ]
  },
  "recovery_log": [
    {
      "round": 11,
      "event": "COMPROMISE_DETECTED",
      "cluster": 0
    },
    {
      "round": 19,
      "event": "CH_REELECTION",
      "cluster": 0,
      "new_ch": 107
    },
    {
      "round": 22,
      "event": "RECOVERY_COMPLETE",
      "cluster": 0
    }
  ]
}