{
  "scenario": "transient",
  "total_rounds": 30,
  "compromise_round": 11,
  "round_durations": [
    0.6287112236022949,
    0.5777530670166016,
    0.5561108589172363,
    0.5532150268554688,
    0.6163840293884277,
    0.5733230113983154,
    0.5781219005584717,
    0.61031174659729,
    0.6046411991119385,
    0.595639705657959,
    0.5917551517486572,
    0.5650589466094971,
    0.6190659999847412,
    0.570479154586792,
    0.617203950881958,
    0.6143081188201904,
    0.6558990478515625,
    0.601768970489502,
    0.6292810440063477,
    0.6480352878570557,
    0.6519601345062256,
    0.7157330513000488,
    0.6729509830474854,
    0.6977169513702393,
    0.677828311920166,
    0.714047908782959,
    0.7152018547058105,
    0.7200870513916016,
    0.6994779109954834,
    0.7262928485870361
  ],
  "cumulative_time": [
    0.6287112236022949,
    1.2064642906188965,
    1.7625751495361328,
    2.3157901763916016,
    2.9321742057800293,
    3.5054972171783447,
    4.083619117736816,
    4.6939308643341064,
    5.298572063446045,
    5.894211769104004,
    6.485966920852661,
    7.051025867462158,
    7.670091867446899,
    8.240571022033691,
    8.85777497291565,
    9.47208309173584,
    10.127982139587402,
    10.729751110076904,
    11.359032154083252,
    12.007067441940308,
    12.659027576446533,
    13.374760627746582,
    14.047711610794067,
    14.745428562164307,
    15.423256874084473,
    16.13730478286743,
    16.852506637573242,
    17.572593688964844,
    18.272071599960327,
    18.998364448547363
  ],
  "inference_latency_ms": 1.4470453295507468,
  "inference_latency_std_ms": 0.16629870123915289,
  "model_size_bytes": 258364,
  "computational_load": {
    "cpu_percent": [
      77.5,
      76.7,
      76.9,
      72.9,
      76.8,
      75.5,
      74.2,
      77.0,
      77.5,
      77.1,
      73.8,
      77.0,
      73.7,
      70.0,
      73.7,
      76.9,
      76.9,
      69.2,
      80.7,
      80.2,
      80.6,
      80.7,
      81.1,
      81.9,
      83.6,
      81.8,
      83.4,
      82.3,
      83.6,
      84.0
    ],
    "memory_rss_mb": [
      927.84375,
      1219.484375,
      1345.46875,
      1451.046875,
      1481.03125,
      1475.96875,
      1276.9375,
      1305.4375,
      1221.171875,
      1280.6875,
      1258.5625,
      1323.796875,
      1222.453125,
      1265.203125,
      1067.296875,
      904.09375,
      929.4375,
      1084.28125,
      928.046875,
      1027.4375,
      843.078125,
      794.296875,
      819.609375,
      585.375,
      746.703125,
      689.078125,
      767.75,
      740.140625,
      664.03125,
      517.828125
    ]
  },
  "recovery_log": [
    {
      "round": 11,
      "event": "COMPROMISE_DETECTED",
      "cluster": 0
    },
    {
      "round": 19,
      "event": "CH_REELECTION",
      "cluster": 0,
      "new_ch": 55
    },
    {
      "round": 22,
      "event": "RECOVERY_COMPLETE",
      "cluster": 0
    }
  ]
}