{
  "scenario": "transient",
  "total_rounds": 30,
  "compromise_round": 11,
  "round_durations": [
    0.6420750617980957,
    0.6581859588623047,
    0.6358180046081543,
    0.6348509788513184,
    0.6447234153747559,
    0.6590819358825684,
    0.6764731407165527,
    0.7227518558502197,
    0.6684019565582275,
    0.660930871963501,
    0.6923201084136963,
    0.9212689399719238,
    0.7206530570983887,
    0.7946701049804688,
    0.7846920490264893,
    0.7924630641937256,
    0.77742600440979,
    0.8890266418457031,
    0.8382599353790283,
    0.7925190925598145,
    0.7204039096832275,
    0.7089803218841553,
    0.7313950061798096,
    0.7612831592559814,
    0.795233964920044,
    0.7809019088745117,
    0.7724149227142334,
    0.7774960994720459,
    0.8079061508178711,
    0.8882811069488525
  ],
  "cumulative_time": [
    0.6420750617980957,
    1.3002610206604004,
    1.9360790252685547,
    2.570930004119873,
    3.215653419494629,
    3.8747353553771973,
    4.55120849609375,
    5.27396035194397,
    5.942362308502197,
    6.603293180465698,
    7.2956132888793945,
    8.216882228851318,
    8.937535285949707,
    9.732205390930176,
    10.516897439956665,
    11.30936050415039,
    12.08678650856018,
    12.975813150405884,
    13.814073085784912,
    14.606592178344727,
    15.326996088027954,
    16.03597640991211,
    16.76737141609192,
    17.5286545753479,
    18.323888540267944,
    19.104790449142456,
    19.87720537185669,
    20.654701471328735,
    21.462607622146606,
    22.35088872909546
  ],
  "inference_latency_ms": 1.5269500180147588,
  "inference_latency_std_ms": 0.1682867029386615,
  "model_size_bytes": 258364,
  "computational_load": {
    "cpu_percent": [
      81.4,
      81.5,
      81.8,
      80.1,
      81.9,
      81.6,
      82.4,
      80.3,
      82.0,
      80.7,
      82.5,
      81.7,
      83.5,
      84.0,
      87.5,
      88.1,
      88.9,
      89.3,
      92.7,
      93.8,
      83.4,
      75.9,
      80.3,
      84.1,
      82.0,
      89.8,
      90.8,
      90.0,
      91.4,
      92.3
    ],
    "memory_rss_mb": [
      940.171875,
      1242.609375,
      1304.078125,
      1227.75,
      1345.09375,
      1124.15625,
      1145.640625,
      1155.859375,
      1081.75,
      958.25,
      786.515625,
      783.28125,
      760.671875,
      748.078125,
      687.34375,
      399.734375,
      736.71875,
      367.203125,
      363.953125,
      338.078125,
      724.984375,
      727.78125,
      367.5625,
      377.203125,
      346.875,
      368.875,
      367.640625,
      715.859375,
      362.953125,
      312.3125
    ]
  },
  "recovery_log": [
    {
      "round": 11,
      "event": "COMPROMISE_DETECTED",
      "cluster": 0
    },
    {
      "round": 19,
      "event": "CH_REELECTION",
      "cluster": 0,
      "new_ch": 107
    },
    {
      "round": 22,
      "event": "RECOVERY_COMPLETE",
      "cluster": 0
    }
  ]
}