{
  "timing": {
    "round_durations": [
      0.7061810493469238,
      0.5852999687194824,
      0.5870888233184814,
      0.6247220039367676,
      0.6079292297363281,
      0.6215298175811768,
      0.6321432590484619,
      0.632838249206543,
      0.5810952186584473,
      0.6201589107513428,
      0.6146621704101562,
      0.6028668880462646,
      0.8200728893280029,
      0.7209610939025879,
      0.7083737850189209,
      0.7296459674835205,
      0.8025579452514648,
      0.7618796825408936,
      0.7201058864593506,
      0.7384710311889648,
      0.7454957962036133,
      0.7568550109863281,
      1.2190580368041992,
      0.7399418354034424,
      0.7118752002716064,
      0.7661049365997314,
      0.7496230602264404,
      0.777813196182251,
      0.780318021774292,
      0.7583837509155273
    ],
    "cumulative_times": [
      0.7061810493469238,
      1.2914810180664062,
      1.8785698413848877,
      2.5032918453216553,
      3.1112210750579834,
      3.73275089263916,
      4.364894151687622,
      4.997732400894165,
      5.578827619552612,
      6.198986530303955,
      6.813648700714111,
      7.416515588760376,
      8.236588478088379,
      8.957549571990967,
      9.665923357009888,
      10.395569324493408,
      11.198127269744873,
      11.960006952285767,
      12.680112838745117,
      13.418583869934082,
      14.164079666137695,
      14.920934677124023,
      16.139992713928223,
      16.879934549331665,
      17.59180974960327,
      18.357914686203003,
      19.107537746429443,
      19.885350942611694,
      20.665668964385986,
      21.424052715301514
    ],
    "convergence_time_seconds": 11.198127269744873,
    "total_training_time_seconds": 21.424052715301514,
    "total_training_time_minutes": 0.3570675452550252,
    "total_full_training_time_seconds": 1275.688443660736,
    "total_full_training_time_minutes": 21.26147406101227,
    "phase_durations_seconds": {
      "normal": 6.198986530303955,
      "attack": 5.7610204219818115,
      "recovery": 9.464045763015747
    },
    "round_duration_stats": {
      "mean": 0.7141350905100504,
      "std": 0.11801699711125027,
      "min": 0.5810952186584473,
      "max": 1.2190580368041992
    },
    "avg_cpu_percent": 86.00000000000004,
    "avg_memory_mb": 905.9984375,
    "round_durations_full": [
      0,
      39.85497713088989,
      42.158381938934326,
      40.075085163116455,
      39.65301704406738,
      41.87713623046875,
      40.3132381439209,
      39.43376278877258,
      42.34209322929382,
      40.015247106552124,
      40.06754922866821,
      41.475297927856445,
      42.68026304244995,
      41.84699296951294,
      42.89359211921692,
      46.02423810958862,
      44.44053411483765,
      47.40368700027466,
      43.623549938201904,
      45.74714112281799,
      46.36267805099487,
      53.92014408111572,
      54.18794512748718,
      46.72207427024841,
      42.72991991043091,
      43.52949500083923,
      43.65666103363037,
      43.83727502822876,
      48.628340005874634,
      50.18812680244446
    ],
    "round_duration_full_stats": {
      "mean": 43.98925667795642,
      "min": 39.43376278877258,
      "max": 54.18794512748718
    }
  },
  "model_parameters": {
    "total_parameters": 64591,
    "total_bytes": 258364,
    "total_kb": 252.30859375,
    "total_mb": 0.24639511108398438,
    "num_layers": 16,
    "layer_details": [
      {
        "layer": 0,
        "shape": [
          39,
          256
        ],
        "dtype": "float32",
        "params": 9984,
        "bytes": 39936,
        "kb": 39.0,
        "mb": 0.0380859375
      },
      {
        "layer": 1,
        "shape": [
          256
        ],
        "dtype": "float32",
        "params": 256,
        "bytes": 1024,
        "kb": 1.0,
        "mb": 0.0009765625
      },
      {
        "layer": 2,
        "shape": [
          256,
          128
        ],
        "dtype": "float32",
        "params": 32768,
        "bytes": 131072,
        "kb": 128.0,
        "mb": 0.125
      },
      {
        "layer": 3,
        "shape": [
          128
        ],
        "dtype": "float32",
        "params": 128,
        "bytes": 512,
        "kb": 0.5,
        "mb": 0.00048828125
      },
      {
        "layer": 4,
        "shape": [
          128,
          64
        ],
        "dtype": "float32",
        "params": 8192,
        "bytes": 32768,
        "kb": 32.0,
        "mb": 0.03125
      },
      {
        "layer": 5,
        "shape": [
          64
        ],
        "dtype": "float32",
        "params": 64,
        "bytes": 256,
        "kb": 0.25,
        "mb": 0.000244140625
      },
      {
        "layer": 6,
        "shape": [
          128,
          32
        ],
        "dtype": "float32",
        "params": 4096,
        "bytes": 16384,
        "kb": 16.0,
        "mb": 0.015625
      },
      {
        "layer": 7,
        "shape": [
          32
        ],
        "dtype": "float32",
        "params": 32,
        "bytes": 128,
        "kb": 0.125,
        "mb": 0.0001220703125
      },
      {
        "layer": 8,
        "shape": [
          128,
          64
        ],
        "dtype": "float32",
        "params": 8192,
        "bytes": 32768,
        "kb": 32.0,
        "mb": 0.03125
      },
      {
        "layer": 9,
        "shape": [
          64
        ],
        "dtype": "float32",
        "params": 64,
        "bytes": 256,
        "kb": 0.25,
        "mb": 0.000244140625
      },
      {
        "layer": 10,
        "shape": [
          64,
          5
        ],
        "dtype": "float32",
        "params": 320,
        "bytes": 1280,
        "kb": 1.25,
        "mb": 0.001220703125
      },
      {
        "layer": 11,
        "shape": [
          5
        ],
        "dtype": "float32",
        "params": 5,
        "bytes": 20,
        "kb": 0.01953125,
        "mb": 1.9073486328125e-05
      },
      {
        "layer": 12,
        "shape": [
          32,
          5
        ],
        "dtype": "float32",
        "params": 160,
        "bytes": 640,
        "kb": 0.625,
        "mb": 0.0006103515625
      },
      {
        "layer": 13,
        "shape": [
          5
        ],
        "dtype": "float32",
        "params": 5,
        "bytes": 20,
        "kb": 0.01953125,
        "mb": 1.9073486328125e-05
      },
      {
        "layer": 14,
        "shape": [
          64,
          5
        ],
        "dtype": "float32",
        "params": 320,
        "bytes": 1280,
        "kb": 1.25,
        "mb": 0.001220703125
      },
      {
        "layer": 15,
        "shape": [
          5
        ],
        "dtype": "float32",
        "params": 5,
        "bytes": 20,
        "kb": 0.01953125,
        "mb": 1.9073486328125e-05
      }
    ]
  },
  "learning_performance": {
    "global_accuracy_history": [
      0.24509288136951232,
      0.2832974398744236,
      0.3407573392125883,
      0.39201672874802,
      0.42592628446441094,
      0.4460286077013537,
      0.49186020296377886,
      0.511412345871473,
      0.5344794692048044,
      0.5561225901816561,
      0.5699828746966881,
      0.5768423183948079,
      0.5836703077009231,
      0.5908338263148146,
      0.594160298378868,
      0.5969594817622849,
      0.6003003884595097,
      0.605258738263782,
      0.6316445579456706,
      0.6390328323694355,
      0.6444057375935366,
      0.6497824096875306,
      0.6520288726894323,
      0.6547715695359128,
      0.6557980248842715,
      0.6586064536975108,
      0.661421836051295,
      0.6633193773734407,
      0.6643390886990735,
      0.6674858067772138
    ],
    "final_global_accuracy": 0.6674858067772138,
    "per_task_final_accuracy": {
      "traffic": 0.6930455635491607,
      "duration": 0.5947242206235012,
      "bandwidth": 0.6462829736211031
    },
    "per_cluster_final_accuracy": {
      "0": 0.6790716286514605,
      "1": 0.6730692276910765,
      "2": 0.6446842525979216
    },