{
  "experiment_type": "convergence_125_rounds",
  "compromise_at_round": 111,
  "round_durations": [
    0.7789409160614014,
    0.7736711502075195,
    0.7128150463104248,
    0.7484450340270996,
    0.6874759197235107,
    0.7044289112091064,
    0.7598698139190674,
    0.7511429786682129,
    0.7522978782653809,
    0.7605922222137451,
    0.7754368782043457,
    0.7759201526641846,
    0.8473217487335205,
    0.8148400783538818,
    0.8198471069335938,
    0.7663750648498535,
    0.8243348598480225,
    0.8001241683959961,
    0.763660192489624,
    0.8373169898986816,
    0.7678577899932861,
    0.7922537326812744,
    0.8776209354400635,
    0.8566420078277588,
    0.834075927734375,
    0.8810968399047852,
    0.8705918788909912,
    0.8342599868774414,
    0.827996015548706,
    0.7596778869628906,
    0.7203679084777832,
    0.727186918258667,
    0.928415060043335,
    0.7778780460357666,
    0.7978103160858154,
    0.7931149005889893,
    0.8500077724456787,
    0.8134191036224365,
    0.8706278800964355,
    1.0217549800872803,
    0.8424880504608154,
    0.9187130928039551,
    0.7987117767333984,
    1.2152199745178223,
    0.8910577297210693,
    1.0225389003753662,
    0.9345419406890869,
    0.9333341121673584,
    1.0019621849060059,
    0.8297128677368164,
    0.8550319671630859,
    0.9045448303222656,
    1.1531119346618652,
    0.7447490692138672,
    0.7713620662689209,
    0.720390796661377,
    0.8183920383453369,
    0.7847530841827393,
    1.115644931793213,
    0.8647651672363281,
    0.8490381240844727,
    0.802678108215332,
    0.8226749897003174,
    0.8156580924987793,
    0.8670408725738525,
    1.1233091354370117,
    0.8538556098937988,
    0.833693265914917,
    0.8359100818634033,
    0.8537311553955078,
    0.8571710586547852,
    0.8174929618835449,
    0.9457390308380127,
    0.8131527900695801,
    0.8349449634552002,
    0.8910608291625977,
    0.9924991130828857,
    0.8956091403961182,
    0.8694641590118408,
    0.7886359691619873,
    0.7592372894287109,
    0.8303840160369873,
    0.7802879810333252,
    0.7983698844909668,
    0.9029130935668945,
    0.8831901550292969,
    0.7892298698425293,
    0.901836633682251,
    0.8381228446960449,
    0.9817919731140137,
    0.8215901851654053,
    0.8355381488800049,
    0.8485829830169678,
    0.769481897354126,
    0.8236579895019531,
    0.8840208053588867,
    1.0284919738769531,
    0.978646993637085,
    1.8340110778808594,
    0.8426821231842041,
    2.6126389503479004,
    0.8506851196289062,
    0.8122189044952393,
    0.7937729358673096,
    0.7829620838165283,
    0.954700231552124,
    0.8125321865081787,
    0.889815092086792,
    0.8657140731811523,
    0.9594008922576904,
    0.8406319618225098,
    0.8257300853729248,
    0.8090641498565674,
    0.8983049392700195,
    0.8518280982971191,
    0.9848711490631104,
    0.8022549152374268,
    0.877795934677124,
    1.0047202110290527,
    0.8933050632476807,
    1.0411062240600586,
    0.8477301597595215,
    0.9602041244506836,
    0.9781448841094971,
    0.7791690826416016
  ],
  "cumulative_time": [
    0.7789409160614014,
    1.552612066268921,
    2.2654271125793457,
    3.0138721466064453,
    3.701348066329956,
    4.4057769775390625,
    5.16564679145813,
    5.916789770126343,
    6.669087648391724,
    7.429679870605469,
    8.205116748809814,
    8.981036901473999,
    9.82835865020752,
    10.643198728561401,
    11.463045835494995,
    12.229420900344849,
    13.053755760192871,
    13.853879928588867,
    14.617540121078491,
    15.454857110977173,
    16.22271490097046,
    17.014968633651733,
    17.892589569091797,
    18.749231576919556,
    19.58330750465393,
    20.464404344558716,
    21.334996223449707,
    22.16925621032715,
    22.997252225875854,
    23.756930112838745,
    24.47729802131653,
    25.204484939575195,
    26.13289999961853,
    26.910778045654297,
    27.708588361740112,
    28.5017032623291,
    29.35171103477478,
    30.165130138397217,
    31.035758018493652,
    32.05751299858093,
    32.90000104904175,
    33.8187141418457,
    34.6174259185791,
    35.832645893096924,
    36.72370362281799,
    37.74624252319336,
    38.680784463882446,
    39.614118576049805,
    40.61608076095581,
    41.44579362869263,
    42.30082559585571,
    43.20537042617798,
    44.358482360839844,
    45.10323143005371,
    45.87459349632263,
    46.59498429298401,
    47.413376331329346,
    48.198129415512085,
    49.3137743473053,
    50.178539514541626,
    51.0275776386261,
    51.83025574684143,
    52.65293073654175,
    53.46858882904053,
    54.33562970161438,
    55.45893883705139,
    56.31279444694519,
    57.14648771286011,
    57.98239779472351,
    58.83612895011902,
    59.693300008773804,
    60.51079297065735,
    61.45653200149536,
    62.26968479156494,
    63.10462975502014,
    63.99569058418274,
    64.98818969726562,
    65.88379883766174,
    66.75326299667358,
    67.54189896583557,
    68.30113625526428,
    69.13152027130127,
    69.9118082523346,
    70.71017813682556,
    71.61309123039246,
    72.49628138542175,
    73.28551125526428,
    74.18734788894653,
    75.02547073364258,
    76.00726270675659,
    76.828852891922,
    77.664391040802,
    78.51297402381897,
    79.2824559211731,
    80.10611391067505,
    80.99013471603394,
    82.01862668991089,
    82.99727368354797,
    84.83128476142883,
    85.67396688461304,
    88.28660583496094,
    89.13729095458984,
    89.94950985908508,
    90.74328279495239,
    91.52624487876892,
    92.48094511032104,
    93.29347729682922,
    94.18329238891602,
    95.04900646209717,
    96.00840735435486,
    96.84903931617737,
    97.6747694015503,
    98.48383355140686,
    99.38213849067688,
    100.233966588974,
    101.21883773803711,
    102.02109265327454,
    102.89888858795166,
    103.90360879898071,
    104.7969138622284,
    105.83802008628845,
    106.68575024604797,
    107.64595437049866,
    108.62409925460815,
    109.40326833724976
  ],
  "inference_latency_ms": 1.4870791381690651,
  "inference_latency_std_ms": 0.17975003413300858,
  "model_size_bytes": 258364,
  "computational_load": {
    "cpu_percent": [
      27.2,
      70.3,
      71.4,
      70.3,
      71.2,
      72.4,
      75.8,
      78.6,
      77.1,
      76.5,
      81.0,
      80.4,
      93.9,
      87.2,
      92.5,
      85.3,
      88.8,
      90.5,
      91.9,
      90.2,
      90.8,
      90.9,
      90.4,
      95.4,
      94.9,
      95.6,
      95.6,
      95.9,
      96.2,
      87.4,
      87.6,
      87.8,
      89.2,
      89.1,
      89.6,
      89.2,
      91.5,
      92.1,
      94.0,
      95.1,
      92.5,
      92.4,
      93.3,
      93.9,
      94.5,
      94.5,
      95.4,
      93.9,
      95.3,
      95.0,
      93.4,
      94.9,
      96.4,
      93.1,
      88.7,
      86.1,
      86.9,
      89.0,
      90.7,
      92.3,
      91.9,
      92.1,
      92.5,
      94.1,
      94.4,
      93.8,
      94.8,
      94.7,
      93.8,
      94.2,
      94.9,
      92.5,
      91.5,
      92.7,
      92.0,
      93.3,
      95.4,
      94.1,
      88.0,
      87.4,
      87.5,
      90.4,
      89.9,
      91.7,
      93.2,
      90.6,
      91.7,
      92.3,
      93.3,
      96.1,
      89.6,
      91.4,
      91.2,
      93.7,
      94.6,
      95.1,
      95.2,
      95.6,
      95.5,
      95.0,
      95.7,
      89.3,
      88.7,
      88.5,
      89.6,
      91.9,
      92.3,
      91.6,
      92.2,
      92.5,
      94.0,
      93.9,
      94.1,
      94.9,
      94.6,
      94.8,
      94.5,
      95.6,
      95.0,
      95.4,
      95.6,
      96.2,
      96.5,
      94.8,
      89.9
    ],