{
  "experiment_type": "convergence_125_rounds",
  "compromise_at_round": 111,
  "round_durations": [
    1.0994160175323486,
    0.6889269351959229,
    0.6794018745422363,
    0.6476008892059326,
    0.8219058513641357,
    0.7367708683013916,
    0.7444539070129395,
    0.727910041809082,
    0.6802723407745361,
    0.7330808639526367,
    0.730949878692627,
    0.7286679744720459,
    0.7269699573516846,
    0.7519450187683105,
    0.6758620738983154,
    0.7674591541290283,
    0.706061840057373,
    0.7355546951293945,
    0.772287130355835,
    0.7455029487609863,
    0.7163782119750977,
    0.7013139724731445,
    0.7890150547027588,
    0.7881507873535156,
    0.7183549404144287,
    0.7179181575775146,
    0.8190970420837402,
    0.6415848731994629,
    0.700322151184082,
    1.1227390766143799,
    0.8078949451446533,
    1.012347936630249,
    0.9460101127624512,
    0.7122938632965088,
    0.7609541416168213,
    0.7646329402923584,
    0.7395820617675781,
    0.8640890121459961,
    0.7633857727050781,
    0.765082836151123,
    0.7592618465423584,
    0.7839879989624023,
    1.0688261985778809,
    2.233419895172119,
    0.7811882495880127,
    0.7083649635314941,
    0.7648341655731201,
    0.7709839344024658,
    0.7834920883178711,
    0.712730884552002,
    0.7764890193939209,
    0.6739041805267334,
    0.7964508533477783,
    0.7392709255218506,
    0.7422516345977783,
    0.7518539428710938,
    0.7171988487243652,
    0.7114036083221436,
    0.8000588417053223,
    0.8112668991088867,
    0.7663159370422363,
    0.7459378242492676,
    0.7429008483886719,
    0.7514169216156006,
    0.7652521133422852,
    0.7374939918518066,
    0.729144811630249,
    0.7551460266113281,
    0.6858429908752441,
    0.8175370693206787,
    0.7392921447753906,
    0.7450752258300781,
    0.8180849552154541,
    0.9717040061950684,
    0.8006021976470947,
    0.8086142539978027,
    0.7698540687561035,
    1.0329060554504395,
    0.8649611473083496,
    0.8808329105377197,
    1.0031139850616455,
    0.8729488849639893,
    0.8580589294433594,
    0.7450160980224609,
    0.8462948799133301,
    0.8168489933013916,
    0.8558588027954102,
    0.8381669521331787,
    0.8581328392028809,
    0.7848038673400879,
    0.850059986114502,
    0.773676872253418,
    0.7862949371337891,
    0.894841194152832,
    0.8065147399902344,
    0.7277202606201172,
    0.821707010269165,
    0.7972280979156494,
    0.7552840709686279,
    0.822321891784668,
    0.7442998886108398,
    0.8090701103210449,
    0.7506611347198486,
    0.7993271350860596,
    0.7749941349029541,
    0.8422260284423828,
    0.8076877593994141,
    0.8360669612884521,
    0.7730722427368164,
    0.843707799911499,
    0.7682487964630127,
    0.8039867877960205,
    0.8242549896240234,
    0.8247778415679932,
    0.8368659019470215,
    0.8166019916534424,
    0.8861179351806641,
    0.8530130386352539,
    0.7971622943878174,
    0.8310108184814453,
    0.8641769886016846,
    0.8069219589233398,
    0.851222038269043,
    1.1495060920715332,
    0.8938119411468506
  ],
  "cumulative_time": [
    1.0994160175323486,
    1.7883429527282715,
    2.467744827270508,
    3.1153457164764404,
    3.937251567840576,
    4.674022436141968,
    5.418476343154907,
    6.146386384963989,
    6.826658725738525,
    7.559739589691162,
    8.290689468383789,
    9.019357442855835,
    9.74632740020752,
    10.49827241897583,
    11.174134492874146,
    11.941593647003174,
    12.647655487060547,
    13.383210182189941,
    14.155497312545776,
    14.901000261306763,
    15.61737847328186,
    16.318692445755005,
    17.107707500457764,
    17.89585828781128,
    18.614213228225708,
    19.332131385803223,
    20.151228427886963,
    20.792813301086426,
    21.493135452270508,
    22.615874528884888,
    23.42376947402954,
    24.43611741065979,
    25.38212752342224,
    26.09442138671875,
    26.85537552833557,
    27.62000846862793,
    28.359590530395508,
    29.223679542541504,
    29.987065315246582,
    30.752148151397705,
    31.511409997940063,
    32.295397996902466,
    33.36422419548035,
    35.597644090652466,
    36.37883234024048,
    37.08719730377197,
    37.85203146934509,
    38.62301540374756,
    39.40650749206543,
    40.11923837661743,
    40.89572739601135,
    41.569631576538086,
    42.366082429885864,
    43.105353355407715,
    43.84760499000549,
    44.59945893287659,
    45.31665778160095,
    46.028061389923096,
    46.82812023162842,
    47.639387130737305,
    48.40570306777954,
    49.15164089202881,
    49.89454174041748,
    50.64595866203308,
    51.411210775375366,
    52.14870476722717,
    52.87784957885742,
    53.63299560546875,
    54.318838596343994,
    55.13637566566467,
    55.87566781044006,
    56.62074303627014,
    57.438827991485596,
    58.410531997680664,
    59.21113419532776,
    60.01974844932556,
    60.789602518081665,
    61.822508573532104,
    62.687469720840454,
    63.568302631378174,
    64.57141661643982,
    65.44436550140381,
    66.30242443084717,
    67.04744052886963,
    67.89373540878296,
    68.71058440208435,
    69.56644320487976,
    70.40461015701294,
    71.26274299621582,
    72.04754686355591,
    72.89760684967041,
    73.67128372192383,
    74.45757865905762,
    75.35241985321045,
    76.15893459320068,
    76.8866548538208,
    77.70836186408997,
    78.50558996200562,
    79.26087403297424,
    80.08319592475891,
    80.82749581336975,
    81.6365659236908,
    82.38722705841064,
    83.1865541934967,
    83.96154832839966,
    84.80377435684204,
    85.61146211624146,
    86.44752907752991,
    87.22060132026672,
    88.06430912017822,
    88.83255791664124,
    89.63654470443726,
    90.46079969406128,
    91.28557753562927,
    92.1224434375763,
    92.93904542922974,
    93.8251633644104,
    94.67817640304565,
    95.47533869743347,
    96.30634951591492,
    97.1705265045166,
    97.97744846343994,
    98.82867050170898,
    99.97817659378052,
    100.87198853492737
  ],
  "inference_latency_ms": 1.3418316072784364,
  "inference_latency_std_ms": 0.1550365773535261,
  "model_size_bytes": 258364,
  "computational_load": {
    "cpu_percent": [
      22.4,
      68.6,
      68.8,
      70.1,
      69.4,
      71.1,
      72.5,
      68.7,
      81.3,
      77.2,
      76.8,
      82.3,
      79.7,
      80.3,
      78.1,
      79.4,
      77.2,
      78.5,
      79.9,
      80.2,
      82.1,
      78.7,
      80.1,
      77.5,
      78.9,
      80.2,
      79.1,
      81.7,
      78.5,
      82.9,
      87.6,
      90.7,
      90.2,
      89.5,
      83.8,
      86.2,
      89.7,
      91.3,
      88.8,
      86.6,
      84.3,
      87.7,
      85.9,
      85.9,
      87.1,
      85.6,
      86.3,
      88.4,
      86.2,
      86.1,
      91.4,
      85.8,
      87.1,
      85.8,
      86.5,
      87.1,
      90.2,
      85.7,
      84.5,
      86.9,
      88.3,
      89.0,
      90.4,
      83.1,
      84.5,
      87.2,
      88.3,
      88.3,
      89.8,
      83.9,
      86.5,
      86.8,
      85.8,
      89.0,
      95.0,
      90.0,
      88.1,
      87.2,
      86.2,
      90.5,
      87.8,
      89.0,
      88.4,
      88.3,
      88.4,
      89.2,
      80.8,
      90.8,
      88.9,
      84.6,
      88.9,
      86.4,
      83.6,
      85.0,
      91.9,
      83.8,
      91.4,
      91.5,
      89.2,
      91.7,
      87.4,
      89.6,
      85.2,
      85.6,
      87.1,
      89.1,
      90.1,
      92.2,
      91.2,
      93.6,
      92.9,
      88.9,
      89.6,
      90.7,
      91.3,
      88.7,
      89.4,
      92.1,
      91.2,
      89.5,
      88.8,
      88.9,
      89.8,
      92.6,
      89.7
    ],