{
  "experiment_type": "convergence_125_rounds",
  "compromise_at_round": 111,
  "round_durations": [
    0.7770678997039795,
    0.7050991058349609,
    0.6746649742126465,
    0.6877267360687256,
    0.9052021503448486,
    0.6798520088195801,
    0.9175539016723633,
    0.7552909851074219,
    0.7062990665435791,
    0.681128978729248,
    0.7037250995635986,
    0.6567270755767822,
    0.739063024520874,
    0.6726181507110596,
    0.733712911605835,
    0.7443571090698242,
    0.7170958518981934,
    0.677772045135498,
    0.6982529163360596,
    0.7085592746734619,
    0.7152099609375,
    0.698800802230835,
    0.7074239253997803,
    0.7140109539031982,
    0.7269430160522461,
    0.6889729499816895,
    0.7424490451812744,
    0.692547082901001,
    0.6962969303131104,
    0.7363219261169434,
    0.7184920310974121,
    0.727679967880249,
    0.7653248310089111,
    0.7458209991455078,
    0.7198710441589355,
    0.7095921039581299,
    0.7888431549072266,
    0.9299798011779785,
    0.7607707977294922,
    0.709935188293457,
    0.8654570579528809,
    0.7621200084686279,
    0.7191500663757324,
    0.6915159225463867,
    0.7075340747833252,
    0.7222089767456055,
    0.7225890159606934,
    0.7293179035186768,
    0.7070307731628418,
    0.8514957427978516,
    0.7433249950408936,
    0.7032098770141602,
    0.713238000869751,
    0.728766918182373,
    0.7465379238128662,
    0.7465901374816895,
    0.7153079509735107,
    0.756890058517456,
    0.7531640529632568,
    0.7734189033508301,
    0.69126296043396,
    0.9981889724731445,
    0.7389481067657471,
    0.7217960357666016,
    0.7159860134124756,
    0.711033821105957,
    0.7172260284423828,
    0.7301461696624756,
    0.7149581909179688,
    0.752565860748291,
    0.7535741329193115,
    0.7306978702545166,
    0.7408092021942139,
    0.7653830051422119,
    0.789919376373291,
    0.6924500465393066,
    0.7221460342407227,
    0.7536580562591553,
    0.7689809799194336,
    0.7187490463256836,
    0.7454349994659424,
    0.7650911808013916,
    0.9339120388031006,
    0.7633721828460693,
    0.7403631210327148,
    0.7461779117584229,
    0.7380728721618652,
    0.7540490627288818,
    0.782196044921875,
    0.7154750823974609,
    0.8269169330596924,
    0.7296230792999268,
    0.6847109794616699,
    0.7529170513153076,
    0.9358470439910889,
    0.7234368324279785,
    0.7430558204650879,
    0.825023889541626,
    0.7536420822143555,
    0.7165653705596924,
    0.7403321266174316,
    0.7522389888763428,
    0.715411901473999,
    0.7979838848114014,
    0.7497286796569824,
    0.7259550094604492,
    0.7849721908569336,
    0.7811992168426514,
    0.7739880084991455,
    0.9422900676727295,
    0.723430871963501,
    0.7150368690490723,
    0.7458338737487793,
    0.7756030559539795,
    0.7368252277374268,
    0.7320470809936523,
    0.7378661632537842,
    0.7043499946594238,
    0.7761781215667725,
    0.7506780624389648,
    0.7268369197845459,
    1.0119497776031494,
    1.8442268371582031,
    0.795900821685791,
    0.7847449779510498
  ],
  "cumulative_time": [
    0.7770678997039795,
    1.4821670055389404,
    2.156831979751587,
    2.8445587158203125,
    3.749760866165161,
    4.429612874984741,
    5.3471667766571045,
    6.102457761764526,
    6.8087568283081055,
    7.4898858070373535,
    8.193610906600952,
    8.850337982177734,
    9.589401006698608,
    10.262019157409668,
    10.995732069015503,
    11.740089178085327,
    12.45718502998352,
    13.134957075119019,
    13.833209991455078,
    14.54176926612854,
    15.25697922706604,
    15.955780029296875,
    16.663203954696655,
    17.377214908599854,
    18.1041579246521,
    18.79313087463379,
    19.535579919815063,
    20.228127002716064,
    20.924423933029175,
    21.660745859146118,
    22.37923789024353,
    23.10691785812378,
    23.87224268913269,
    24.6180636882782,
    25.337934732437134,
    26.047526836395264,
    26.83636999130249,
    27.76634979248047,
    28.52712059020996,
    29.237055778503418,
    30.1025128364563,
    30.864632844924927,
    31.58378291130066,
    32.275298833847046,
    32.98283290863037,
    33.70504188537598,
    34.42763090133667,
    35.15694880485535,
    35.86397957801819,
    36.71547532081604,
    37.458800315856934,
    38.162010192871094,
    38.875248193740845,
    39.60401511192322,
    40.350553035736084,
    41.09714317321777,
    41.812451124191284,
    42.56934118270874,
    43.322505235672,
    44.09592413902283,
    44.78718709945679,
    45.78537607192993,
    46.52432417869568,
    47.24612021446228,
    47.962106227874756,
    48.67314004898071,
    49.390366077423096,
    50.12051224708557,
    50.83547043800354,
    51.58803629875183,
    52.34161043167114,
    53.07230830192566,
    53.81311750411987,
    54.578500509262085,
    55.368419885635376,
    56.06086993217468,
    56.783015966415405,
    57.53667402267456,
    58.305655002593994,
    59.02440404891968,
    59.76983904838562,
    60.53493022918701,
    61.46884226799011,
    62.23221445083618,
    62.9725775718689,
    63.71875548362732,
    64.45682835578918,
    65.21087741851807,
    65.99307346343994,
    66.7085485458374,
    67.5354654788971,
    68.26508855819702,
    68.94979953765869,
    69.702716588974,
    70.63856363296509,
    71.36200046539307,
    72.10505628585815,
    72.93008017539978,
    73.68372225761414,
    74.40028762817383,
    75.14061975479126,
    75.8928587436676,
    76.6082706451416,
    77.406254529953,
    78.15598320960999,
    78.88193821907043,
    79.66691040992737,
    80.44810962677002,
    81.22209763526917,
    82.1643877029419,
    82.8878185749054,
    83.60285544395447,
    84.34868931770325,
    85.12429237365723,
    85.86111760139465,
    86.5931646823883,
    87.33103084564209,
    88.03538084030151,
    88.81155896186829,
    89.56223702430725,
    90.2890739440918,
    91.30102372169495,
    93.14525055885315,
    93.94115138053894,
    94.72589635848999
  ],
  "inference_latency_ms": 1.6168212395859882,
  "inference_latency_std_ms": 0.2643678718379305,
  "model_size_bytes": 258364,
  "computational_load": {
    "cpu_percent": [
      24.3,
      71.7,
      67.6,
      71.2,
      65.6,
      68.5,
      68.5,
      69.3,
      66.1,
      66.9,
      85.4,
      75.4,
      79.8,
      71.8,
      73.6,
      72.4,
      69.5,
      72.5,
      73.5,
      71.7,
      71.6,
      79.0,
      73.6,
      74.2,
      76.6,
      72.0,
      78.4,
      78.0,
      70.2,
      83.3,
      68.8,
      70.5,
      73.7,
      82.1,
      88.2,
      86.8,
      89.4,
      88.9,
      77.8,
      72.0,
      75.5,
      78.0,
      74.6,
      75.4,
      76.0,
      74.7,
      75.1,
      76.2,
      75.0,
      75.1,
      75.4,
      74.7,
      75.5,
      77.2,
      81.6,
      75.7,
      76.0,
      75.3,
      76.1,
      75.8,
      76.1,
      77.4,
      76.4,
      76.0,
      76.5,
      77.3,
      78.3,
      73.9,
      75.0,
      75.4,
      77.1,
      76.7,
      77.2,
      77.0,
      77.2,
      76.6,
      76.6,
      76.4,
      77.2,
      76.4,
      80.2,
      79.5,
      80.4,
      78.4,
      76.2,
      76.2,
      76.8,
      76.1,
      77.0,
      74.1,
      76.5,
      79.3,
      78.1,
      75.6,
      76.7,
      77.0,
      76.2,
      74.5,
      75.9,
      79.4,
      77.1,
      76.7,
      76.4,
      77.0,
      76.1,
      77.1,
      79.0,
      78.1,
      76.1,
      77.3,
      76.9,
      76.8,
      77.9,
      77.9,
      78.7,
      76.7,
      77.0,
      78.3,
      79.4,
      78.3,
      79.5,
      81.5,
      87.9,
      89.4,
      82.5
    ],