{
  "round": 95,
  "phase": "Normal",
  "duration_sec": 0.006865024566650391,
  "cumulative_sec": 0.6511950492858887,
  "cpu_percent": 97.6,
  "memory_mb": 57.9375,
  "accuracies": {
    "traffic": 0.282,
    "duration": 0.79,
    "bandwidth": 0.278
  },
  "participation": {
    "C0": 1.0,
    "C1": 1.0,
    "C2": 1.0
  },
  "communication_bytes": {
    "tier1_member_to_ch": 121725960,
    "tier2_ch_to_global": 30431490,
    "tier3_global_to_ch": 30431490,
    "tier4_ch_to_member": 121725960,
    "total": 304314900
  },
  "divergence": 0.0
}