{
  "round": 40,
  "phase": "Normal",
  "duration_sec": 0.003998994827270508,
  "cumulative_sec": 0.2798645496368408,
  "cpu_percent": 94.0,
  "memory_mb": 55.765625,
  "accuracies": {
    "traffic": 0.286,
    "duration": 0.692,
    "bandwidth": 0.264
  },
  "participation": {
    "C0": 1.0,
    "C1": 1.0,
    "C2": 1.0
  },
  "communication_bytes": {
    "tier1_member_to_ch": 121725960,
    "tier2_ch_to_global": 30431490,
    "tier3_global_to_ch": 30431490,
    "tier4_ch_to_member": 121725960,
    "total": 304314900
  },
  "divergence": 0.0
}