{
  "round": 14,
  "phase": "Normal",
  "duration_sec": 0.008887052536010742,
  "cumulative_sec": 0.12942767143249512,
  "cpu_percent": 0.0,
  "memory_mb": 55.34375,
  "accuracies": {
    "traffic": 0.304,
    "duration": 0.542,
    "bandwidth": 0.244
  },
  "participation": {
    "C0": 1.0,
    "C1": 1.0,
    "C2": 1.0
  },
  "communication_bytes": {
    "tier1_member_to_ch": 121725960,
    "tier2_ch_to_global": 30431490,
    "tier3_global_to_ch": 30431490,
    "tier4_ch_to_member": 121725960,
    "total": 304314900
  },
  "divergence": 0.0
}