{
  "round": 64,
  "phase": "Normal",
  "duration_sec": 0.005362987518310547,
  "cumulative_sec": 0.406994104385376,
  "cpu_percent": 0.0,
  "memory_mb": 56.109375,
  "accuracies": {
    "traffic": 0.278,
    "duration": 0.734,
    "bandwidth": 0.294
  },
  "participation": {
    "C0": 1.0,
    "C1": 1.0,
    "C2": 1.0
  },
  "communication_bytes": {
    "tier1_member_to_ch": 121725960,
    "tier2_ch_to_global": 30431490,
    "tier3_global_to_ch": 30431490,
    "tier4_ch_to_member": 121725960,
    "total": 304314900
  },
  "divergence": 0.0
}