{
  "round": 119,
  "phase": "Continuity",
  "duration_sec": 0.008344888687133789,
  "cumulative_sec": 0.7965962886810303,
  "cpu_percent": 0.0,
  "memory_mb": 57.078125,
  "accuracies": {
    "traffic": 0.296,
    "duration": 0.776,
    "bandwidth": 0.28
  },
  "participation": {
    "C0": 0.7,
    "C1": 1.0,
    "C2": 1.0
  },
  "communication_bytes": {
    "tier1_member_to_ch": 93464543,
    "tier2_ch_to_global": 23366135,
    "tier3_global_to_ch": 23366135,
    "tier4_ch_to_member": 93464543,
    "total": 233661358
  },
  "divergence": 0.2
}