{
  "round": 110,
  "phase": "Normal",
  "duration_sec": 0.006459951400756836,
  "cumulative_sec": 0.7421412467956543,
  "cpu_percent": 0.0,
  "memory_mb": 62.640625,
  "accuracies": {
    "traffic": 0.262,
    "duration": 0.788,
    "bandwidth": 0.314
  },
  "participation": {
    "C0": 1.0,
    "C1": 1.0,
    "C2": 1.0
  },
  "communication_bytes": {
    "tier1_member_to_ch": 121725960,
    "tier2_ch_to_global": 30431490,
    "tier3_global_to_ch": 30431490,
    "tier4_ch_to_member": 121725960,
    "total": 304314900
  },
  "divergence": 0.0
}