{
  "round": 21,
  "phase": "Normal",
  "duration_sec": 0.008585929870605469,
  "cumulative_sec": 0.1719670295715332,
  "cpu_percent": 100.0,
  "memory_mb": 59.28125,
  "accuracies": {
    "traffic": 0.316,
    "duration": 0.528,
    "bandwidth": 0.228
  },
  "participation": {
    "C0": 1.0,
    "C1": 1.0,
    "C2": 1.0
  },
  "communication_bytes": {
    "tier1_member_to_ch": 121725960,
    "tier2_ch_to_global": 30431490,
    "tier3_global_to_ch": 30431490,
    "tier4_ch_to_member": 121725960,
    "total": 304314900
  },
  "divergence": 0.0
}