{
  "round": 123,
  "phase": "Stabilization",
  "duration_sec": 0.00586700439453125,
  "cumulative_sec": 0.8218562602996826,
  "cpu_percent": 97.6,
  "memory_mb": 53.859375,
  "accuracies": {
    "traffic": 0.268,
    "duration": 0.772,
    "bandwidth": 0.264
  },
  "participation": {
    "C0": 1.0,
    "C1": 1.0,
    "C2": 1.0
  },
  "communication_bytes": {
    "tier1_member_to_ch": 121725960,
    "tier2_ch_to_global": 30431490,
    "tier3_global_to_ch": 30431490,
    "tier4_ch_to_member": 121725960,
    "total": 304314900
  },
  "divergence": 0.0
}