{
  "round": 111,
  "phase": "Compromised",
  "duration_sec": 0.0054569244384765625,
  "cumulative_sec": 0.7475981712341309,
  "cpu_percent": 0.0,
  "memory_mb": 60.078125,
  "accuracies": {
    "traffic": 0.292,
    "duration": 0.81,
    "bandwidth": 0.264
  },
  "participation": {
    "C0": 0.0,
    "C1": 1.0,
    "C2": 1.0
  },
  "communication_bytes": {
    "tier1_member_to_ch": 81150640,
    "tier2_ch_to_global": 20287660,
    "tier3_global_to_ch": 20287660,
    "tier4_ch_to_member": 81150640,
    "total": 202876600
  },
  "divergence": 0.0
}