{
  "round": 120,
  "phase": "Continuity",
  "duration_sec": 0.006759166717529297,
  "cumulative_sec": 0.8033554553985596,
  "cpu_percent": 0.0,
  "memory_mb": 56.65625,
  "accuracies": {
    "traffic": 0.262,
    "duration": 0.772,
    "bandwidth": 0.276
  },
  "participation": {
    "C0": 0.7,
    "C1": 1.0,
    "C2": 1.0
  },
  "communication_bytes": {
    "tier1_member_to_ch": 109613924,
    "tier2_ch_to_global": 27403481,
    "tier3_global_to_ch": 27403481,
    "tier4_ch_to_member": 109613924,
    "total": 274034810
  },
  "divergence": 0.1
}