{
  "round": 97,
  "phase": "Normal",
  "duration_sec": 0.004715919494628906,
  "cumulative_sec": 0.662703275680542,
  "cpu_percent": 0.0,
  "memory_mb": 57.140625,
  "accuracies": {
    "traffic": 0.3,
    "duration": 0.778,
    "bandwidth": 0.274
  },
  "participation": {
    "C0": 1.0,
    "C1": 1.0,
    "C2": 1.0
  },
  "communication_bytes": {
    "tier1_member_to_ch": 121725960,
    "tier2_ch_to_global": 30431490,
    "tier3_global_to_ch": 30431490,
    "tier4_ch_to_member": 121725960,
    "total": 304314900
  },
  "divergence": 0.0
}