{
  "round": 101,
  "phase": "Normal",
  "duration_sec": 0.004928112030029297,
  "cumulative_sec": 0.6840002536773682,
  "cpu_percent": 0.0,
  "memory_mb": 60.625,
  "accuracies": {
    "traffic": 0.284,
    "duration": 0.8,
    "bandwidth": 0.268
  },
  "participation": {
    "C0": 1.0,
    "C1": 1.0,
    "C2": 1.0
  },
  "communication_bytes": {
    "tier1_member_to_ch": 121725960,
    "tier2_ch_to_global": 30431490,
    "tier3_global_to_ch": 30431490,
    "tier4_ch_to_member": 121725960,
    "total": 304314900
  },
  "divergence": 0.0
}