{
  "round": 23,
  "phase": "Normal",
  "duration_sec": 0.005820035934448242,
  "cumulative_sec": 0.18132710456848145,
  "cpu_percent": 100.0,
  "memory_mb": 53.875,
  "accuracies": {
    "traffic": 0.292,
    "duration": 0.542,
    "bandwidth": 0.262
  },
  "participation": {
    "C0": 1.0,
    "C1": 1.0,
    "C2": 1.0
  },
  "communication_bytes": {
    "tier1_member_to_ch": 121725960,
    "tier2_ch_to_global": 30431490,
    "tier3_global_to_ch": 30431490,
    "tier4_ch_to_member": 121725960,
    "total": 304314900
  },
  "divergence": 0.0
}