{
  "round": 49,
  "phase": "Normal",
  "duration_sec": 0.003032207489013672,
  "cumulative_sec": 0.32582926750183105,
  "cpu_percent": 95.2,
  "memory_mb": 55.5,
  "accuracies": {
    "traffic": 0.282,
    "duration": 0.72,
    "bandwidth": 0.276
  },
  "participation": {
    "C0": 1.0,
    "C1": 1.0,
    "C2": 1.0
  },
  "communication_bytes": {
    "tier1_member_to_ch": 121725960,
    "tier2_ch_to_global": 30431490,
    "tier3_global_to_ch": 30431490,
    "tier4_ch_to_member": 121725960,
    "total": 304314900
  },
  "divergence": 0.0
}