{
  "round": 58,
  "phase": "Normal",
  "duration_sec": 0.006273984909057617,
  "cumulative_sec": 0.37810230255126953,
  "cpu_percent": 98.7,
  "memory_mb": 62.515625,
  "accuracies": {
    "traffic": 0.262,
    "duration": 0.668,
    "bandwidth": 0.29
  },
  "participation": {
    "C0": 1.0,
    "C1": 1.0,
    "C2": 1.0
  },
  "communication_bytes": {
    "tier1_member_to_ch": 121725960,
    "tier2_ch_to_global": 30431490,
    "tier3_global_to_ch": 30431490,
    "tier4_ch_to_member": 121725960,
    "total": 304314900
  },
  "divergence": 0.0
}