{
  "round": 52,
  "phase": "Normal",
  "duration_sec": 0.004785060882568359,
  "cumulative_sec": 0.3407249450683594,
  "cpu_percent": 0.0,
  "memory_mb": 56.28125,
  "accuracies": {
    "traffic": 0.3,
    "duration": 0.714,
    "bandwidth": 0.258
  },
  "participation": {
    "C0": 1.0,
    "C1": 1.0,
    "C2": 1.0
  },
  "communication_bytes": {
    "tier1_member_to_ch": 121725960,
    "tier2_ch_to_global": 30431490,
    "tier3_global_to_ch": 30431490,
    "tier4_ch_to_member": 121725960,
    "total": 304314900
  },
  "divergence": 0.0
}