{
  "round": 63,
  "phase": "Normal",
  "duration_sec": 0.005236148834228516,
  "cumulative_sec": 0.40163111686706543,
  "cpu_percent": 0.0,
  "memory_mb": 55.984375,
  "accuracies": {
    "traffic": 0.31,
    "duration": 0.734,
    "bandwidth": 0.296
  },
  "participation": {
    "C0": 1.0,
    "C1": 1.0,
    "C2": 1.0
  },
  "communication_bytes": {
    "tier1_member_to_ch": 121725960,
    "tier2_ch_to_global": 30431490,
    "tier3_global_to_ch": 30431490,
    "tier4_ch_to_member": 121725960,
    "total": 304314900
  },
  "divergence": 0.0
}