{
  "round": 88,
  "phase": "Normal",
  "duration_sec": 0.008487224578857422,
  "cumulative_sec": 0.6141188144683838,
  "cpu_percent": 100.0,
  "memory_mb": 52.921875,
  "accuracies": {
    "traffic": 0.286,
    "duration": 0.756,
    "bandwidth": 0.284
  },
  "participation": {
    "C0": 1.0,
    "C1": 1.0,
    "C2": 1.0
  },
  "communication_bytes": {
    "tier1_member_to_ch": 121725960,
    "tier2_ch_to_global": 30431490,
    "tier3_global_to_ch": 30431490,
    "tier4_ch_to_member": 121725960,
    "total": 304314900
  },
  "divergence": 0.0
}