{
  "round": 12,
  "phase": "Normal",
  "duration_sec": 0.004365205764770508,
  "cumulative_sec": 0.1145937442779541,
  "cpu_percent": 100.0,
  "memory_mb": 59.40625,
  "accuracies": {
    "traffic": 0.326,
    "duration": 0.534,
    "bandwidth": 0.26
  },
  "participation": {
    "C0": 1.0,
    "C1": 1.0,
    "C2": 1.0
  },
  "communication_bytes": {
    "tier1_member_to_ch": 121725960,
    "tier2_ch_to_global": 30431490,
    "tier3_global_to_ch": 30431490,
    "tier4_ch_to_member": 121725960,
    "total": 304314900
  },
  "divergence": 0.0
}