{
  "round": 115,
  "phase": "D&R-E",
  "duration_sec": 0.005474090576171875,
  "cumulative_sec": 0.7702314853668213,
  "cpu_percent": 100.0,
  "memory_mb": 55.96875,
  "accuracies": {
    "traffic": 0.298,
    "duration": 0.802,
    "bandwidth": 0.278
  },
  "participation": {
    "C0": 0.3,
    "C1": 1.0,
    "C2": 1.0
  },
  "communication_bytes": {
    "tier1_member_to_ch": 81150640,
    "tier2_ch_to_global": 20287660,
    "tier3_global_to_ch": 20287660,
    "tier4_ch_to_member": 81150640,
    "total": 202876600
  },
  "divergence": 0.25
}