{
  "round": 117,
  "phase": "D&R-E",
  "duration_sec": 0.003047943115234375,
  "cumulative_sec": 0.7785375118255615,
  "cpu_percent": 96.4,
  "memory_mb": 57.890625,
  "accuracies": {
    "traffic": 0.25,
    "duration": 0.78,
    "bandwidth": 0.278
  },
  "participation": {
    "C0": 0.3,
    "C1": 1.0,
    "C2": 1.0
  },
  "communication_bytes": {
    "tier1_member_to_ch": 81150640,
    "tier2_ch_to_global": 20287660,
    "tier3_global_to_ch": 20287660,
    "tier4_ch_to_member": 81150640,
    "total": 202876600
  },
  "divergence": 0.35
}