{
  "round": 114,
  "phase": "D&R-E",
  "duration_sec": 0.004720211029052734,
  "cumulative_sec": 0.7647573947906494,
  "cpu_percent": 100.0,
  "memory_mb": 58.359375,
  "accuracies": {
    "traffic": 0.27,
    "duration": 0.796,
    "bandwidth": 0.306
  },
  "participation": {
    "C0": 0.3,
    "C1": 1.0,
    "C2": 1.0
  },
  "communication_bytes": {
    "tier1_member_to_ch": 81150640,
    "tier2_ch_to_global": 20287660,
    "tier3_global_to_ch": 20287660,
    "tier4_ch_to_member": 81150640,
    "total": 202876600
  },
  "divergence": 0.2
}