{
  "round": 60,
  "phase": "Normal",
  "duration_sec": 0.004580974578857422,
  "cumulative_sec": 0.3866386413574219,
  "cpu_percent": 92.9,
  "memory_mb": 63.765625,
  "accuracies": {
    "traffic": 0.304,
    "duration": 0.718,
    "bandwidth": 0.278
  },
  "participation": {
    "C0": 1.0,
    "C1": 1.0,
    "C2": 1.0
  },
  "communication_bytes": {
    "tier1_member_to_ch": 121725960,
    "tier2_ch_to_global": 30431490,
    "tier3_global_to_ch": 30431490,
    "tier4_ch_to_member": 121725960,
    "total": 304314900
  },
  "divergence": 0.0
}