{
  "round": 8,
  "phase": "Normal",
  "duration_sec": 0.0043070316314697266,
  "cumulative_sec": 0.08809947967529297,
  "cpu_percent": 0.0,
  "memory_mb": 56.328125,
  "accuracies": {
    "traffic": 0.334,
    "duration": 0.54,
    "bandwidth": 0.24
  },
  "participation": {
    "C0": 1.0,
    "C1": 1.0,
    "C2": 1.0
  },
  "communication_bytes": {
    "tier1_member_to_ch": 121725960,
    "tier2_ch_to_global": 30431490,
    "tier3_global_to_ch": 30431490,
    "tier4_ch_to_member": 121725960,
    "total": 304314900
  },
  "divergence": 0.0
}