{
  "round": 62,
  "phase": "Normal",
  "duration_sec": 0.00614619255065918,
  "cumulative_sec": 0.3963949680328369,
  "cpu_percent": 0.0,
  "memory_mb": 54.75,
  "accuracies": {
    "traffic": 0.252,
    "duration": 0.722,
    "bandwidth": 0.256
  },
  "participation": {
    "C0": 1.0,
    "C1": 1.0,
    "C2": 1.0
  },
  "communication_bytes": {
    "tier1_member_to_ch": 121725960,
    "tier2_ch_to_global": 30431490,
    "tier3_global_to_ch": 30431490,
    "tier4_ch_to_member": 121725960,
    "total": 304314900
  },
  "divergence": 0.0
}