{
  "round": 121,
  "phase": "Continuity",
  "duration_sec": 0.008444786071777344,
  "cumulative_sec": 0.8118002414703369,
  "cpu_percent": 0.0,
  "memory_mb": 55.015625,
  "accuracies": {
    "traffic": 0.268,
    "duration": 0.776,
    "bandwidth": 0.272
  },
  "participation": {
    "C0": 0.7,
    "C1": 1.0,
    "C2": 1.0
  },
  "communication_bytes": {
    "tier1_member_to_ch": 121725960,
    "tier2_ch_to_global": 30431490,
    "tier3_global_to_ch": 30431490,
    "tier4_ch_to_member": 121725960,
    "total": 304314900
  },
  "divergence": 0.05
}