{
  "round": 50,
  "phase": "Normal",
  "duration_sec": 0.004631757736206055,
  "cumulative_sec": 0.3304610252380371,
  "cpu_percent": 97.6,
  "memory_mb": 56.578125,
  "accuracies": {
    "traffic": 0.298,
    "duration": 0.724,
    "bandwidth": 0.26
  },
  "participation": {
    "C0": 1.0,
    "C1": 1.0,
    "C2": 1.0
  },
  "communication_bytes": {
    "tier1_member_to_ch": 121725960,
    "tier2_ch_to_global": 30431490,
    "tier3_global_to_ch": 30431490,
    "tier4_ch_to_member": 121725960,
    "total": 304314900
  },
  "divergence": 0.0
}