{
  "round": 47,
  "phase": "Normal",
  "duration_sec": 0.0048487186431884766,
  "cumulative_sec": 0.31958699226379395,
  "cpu_percent": 0.0,
  "memory_mb": 54.65625,
  "accuracies": {
    "traffic": 0.288,
    "duration": 0.694,
    "bandwidth": 0.268
  },
  "participation": {
    "C0": 1.0,
    "C1": 1.0,
    "C2": 1.0
  },
  "communication_bytes": {
    "tier1_member_to_ch": 121725960,
    "tier2_ch_to_global": 30431490,
    "tier3_global_to_ch": 30431490,
    "tier4_ch_to_member": 121725960,
    "total": 304314900
  },
  "divergence": 0.0
}