{
  "round": 2,
  "phase": "Normal",
  "duration_sec": 0.00308990478515625,
  "cumulative_sec": 0.06220698356628418,
  "cpu_percent": 98.8,
  "memory_mb": 50.21875,
  "accuracies": {
    "traffic": 0.358,
    "duration": 0.3,
    "bandwidth": 0.304
  },
  "participation": {
    "C0": 1.0,
    "C1": 1.0,
    "C2": 1.0
  },
  "communication_bytes": {
    "tier1_member_to_ch": 121725960,
    "tier2_ch_to_global": 30431490,
    "tier3_global_to_ch": 30431490,
    "tier4_ch_to_member": 121725960,
    "total": 304314900
  },
  "divergence": 0.0
}