{
  "round": 85,
  "phase": "Normal",
  "duration_sec": 0.0058329105377197266,
  "cumulative_sec": 0.5929734706878662,
  "cpu_percent": 99.5,
  "memory_mb": 51.671875,
  "accuracies": {
    "traffic": 0.278,
    "duration": 0.74,
    "bandwidth": 0.266
  },
  "participation": {
    "C0": 1.0,
    "C1": 1.0,
    "C2": 1.0
  },
  "communication_bytes": {
    "tier1_member_to_ch": 121725960,
    "tier2_ch_to_global": 30431490,
    "tier3_global_to_ch": 30431490,
    "tier4_ch_to_member": 121725960,
    "total": 304314900
  },
  "divergence": 0.0
}