{
  "round": 41,
  "phase": "Normal",
  "duration_sec": 0.004065752029418945,
  "cumulative_sec": 0.28393030166625977,
  "cpu_percent": 96.4,
  "memory_mb": 43.71875,
  "accuracies": {
    "traffic": 0.308,
    "duration": 0.66,
    "bandwidth": 0.274
  },
  "participation": {
    "C0": 1.0,
    "C1": 1.0,
    "C2": 1.0
  },
  "communication_bytes": {
    "tier1_member_to_ch": 121725960,
    "tier2_ch_to_global": 30431490,
    "tier3_global_to_ch": 30431490,
    "tier4_ch_to_member": 121725960,
    "total": 304314900
  },
  "divergence": 0.0
}