{
  "round": 115,
  "phase": "D&R-E",
  "duration_sec": 0.0055348873138427734,
  "cumulative_sec": 0.0940847396850586,
  "cpu_percent": 0.0,
  "memory_mb": 48.96875,
  "accuracies": {
    "traffic": 0.292,
    "duration": 0.776,
    "bandwidth": 0.254
  },
  "participation": {
    "C0": 0.3,
    "C1": 1.0,
    "C2": 1.0
  },
  "communication_bytes": {
    "tier1_member_to_ch": 107411865,
    "tier2_ch_to_global": 26852966,
    "tier3_global_to_ch": 26852966,
    "tier4_ch_to_member": 107411865,
    "total": 268529664
  },
  "divergence": 0.25
}