{
  "traffic": {
    "variance": 8.768036821792934e-06,
    "mean": 0.8226213426249988,
    "std": 0.002961087101351957,
    "min": 0.8179097206548555,
    "max": 0.8265193353799886,
    "range": 0.008609614725133108,
    "converged": 